[{"id":208,"potentialname":"jifin josy","amount":"1000.00000000","sales_stage":"Qualification","potentialid":"208","starred":""},{"id":43,"potentialname":"jifin josy","amount":"1000.00000000","sales_stage":"Prospecting","potentialid":"43","starred":""},{"id":182,"potentialname":"Sunil Ji ","amount":"23456789.00000000","sales_stage":"Qualification","potentialid":"182","starred":""},{"id":141,"potentialname":"jifin josy","amount":"1000.00000000","sales_stage":"Prospecting","potentialid":"141","starred":""},{"id":38,"potentialname":"jifin josy","amount":"1000.00000000","sales_stage":"Qualification","potentialid":"38","starred":""},{"id":31,"potentialname":"Test","amount":"1000.00000000","sales_stage":"Needs Analysis","potentialid":"31","starred":""},{"id":28,"potentialname":"jifin josy","amount":"1000.00000000","sales_stage":"Qualification","potentialid":"28","starred":""},{"id":23,"potentialname":"jifin josy","amount":"1000.00000000","sales_stage":"Prospecting","potentialid":"23","starred":""}]