[{"id":37083,"equipment_sl_no":"000000000000008154","equip_model":"BH85-1              ","eq_equip_status":"ECUS INST                               ","account_id":"14370","plant_name":"42547","equipmentid":"37083","starred":""},{"id":42009,"equipment_sl_no":"BG825-25072","equip_model":"BG825               ","eq_equip_status":"AVLB                                    ","account_id":"14520","plant_name":"42547","equipmentid":"42009","starred":""},{"id":42138,"equipment_sl_no":"GY-AGREEGATE","equip_model":"BH85-1","eq_equip_status":"ASEQ","account_id":"0","plant_name":"42547","equipmentid":"42138","starred":""},{"id":42141,"equipment_sl_no":"GY-MAIN","equip_model":"BH85-1","eq_equip_status":"INST","account_id":"14282","plant_name":"42547","equipmentid":"42141","starred":""},{"id":42332,"equipment_sl_no":"MAINEQPT1","equip_model":"210m","eq_equip_status":"AVLB","account_id":"14282","plant_name":"42547","equipmentid":"42332","starred":""},{"id":42331,"equipment_sl_no":"MAINEQPT","equip_model":"210m","eq_equip_status":"INST","account_id":"14282","plant_name":"42547","equipmentid":"42331","starred":""},{"id":42143,"equipment_sl_no":"GY-MAINSR","equip_model":"BH85-1","eq_equip_status":"INST","account_id":"14330","plant_name":"42547","equipmentid":"42143","starred":""},{"id":42142,"equipment_sl_no":"GY-MAINFINAL","equip_model":"BH85-1","eq_equip_status":"INST","account_id":"14282","plant_name":"42547","equipmentid":"42142","starred":""},{"id":42109,"equipment_sl_no":"CS-MAIN","equip_model":"210m","eq_equip_status":"INST","account_id":"14330","plant_name":"42547","equipmentid":"42109","starred":""},{"id":42140,"equipment_sl_no":"GY-AGREEGATESR","equip_model":"BH85-1","eq_equip_status":"ASEQ","account_id":"0","plant_name":"42547","equipmentid":"42140","starred":""},{"id":42108,"equipment_sl_no":"CS-AGGRE3","equip_model":"210m","eq_equip_status":"ASEQ","account_id":"0","plant_name":"42547","equipmentid":"42108","starred":""},{"id":42139,"equipment_sl_no":"GY-AGREEGATEFINAL","equip_model":"BH85-1","eq_equip_status":"ASEQ","account_id":"0","plant_name":"42547","equipmentid":"42139","starred":""},{"id":42105,"equipment_sl_no":"CS-AGGRE","equip_model":"210m","eq_equip_status":"ASEQ","account_id":"0","plant_name":"42547","equipmentid":"42105","starred":""},{"id":42114,"equipment_sl_no":"CS-MAIN4","equip_model":"210m","eq_equip_status":"INST","account_id":"14330","plant_name":"42547","equipmentid":"42114","starred":""},{"id":42113,"equipment_sl_no":"CS-MAIN3","equip_model":"210m","eq_equip_status":"INST","account_id":"14330","plant_name":"42547","equipmentid":"42113","starred":""},{"id":42112,"equipment_sl_no":"CS-MAIN2","equip_model":"210m","eq_equip_status":"INST","account_id":"14330","plant_name":"42547","equipmentid":"42112","starred":""},{"id":42111,"equipment_sl_no":"CS-MAIN123","equip_model":"210m","eq_equip_status":"INST","account_id":"14282","plant_name":"42547","equipmentid":"42111","starred":""},{"id":42110,"equipment_sl_no":"CS-MAIN1","equip_model":"210m","eq_equip_status":"INST","account_id":"14330","plant_name":"42547","equipmentid":"42110","starred":""},{"id":42379,"equipment_sl_no":"PKM-TEST","equip_model":"                    ","eq_equip_status":"INST                                    ","account_id":"14282","plant_name":"42547","equipmentid":"42379","starred":""},{"id":42465,"equipment_sl_no":"TEST-LOCATION","equip_model":"                    ","eq_equip_status":"INST                                    ","account_id":"14282","plant_name":"42547","equipmentid":"42465","starred":""},{"id":42464,"equipment_sl_no":"TEST-EQUP","equip_model":"                    ","eq_equip_status":"INST                                    ","account_id":"14287","plant_name":"42547","equipmentid":"42464","starred":""},{"id":42144,"equipment_sl_no":"GYS-TEST-AVLB","equip_model":"                    ","eq_equip_status":"AVLB                                    ","account_id":"14330","plant_name":"42547","equipmentid":"42144","starred":""},{"id":42116,"equipment_sl_no":"CSMAINTEST","equip_model":"                    ","eq_equip_status":"INST                                    ","account_id":"14282","plant_name":"42547","equipmentid":"42116","starred":""},{"id":42115,"equipment_sl_no":"CSAGGTEST","equip_model":"                    ","eq_equip_status":"ASEQ                                    ","account_id":"0","plant_name":"42547","equipmentid":"42115","starred":""},{"id":42107,"equipment_sl_no":"CS-AGGRE2","equip_model":"210m                ","eq_equip_status":"ASEQ                                    ","account_id":"0","plant_name":"42547","equipmentid":"42107","starred":""},{"id":42106,"equipment_sl_no":"CS-AGGRE1","equip_model":"210m                ","eq_equip_status":"ASEQ                                    ","account_id":"14282","plant_name":"42547","equipmentid":"42106","starred":""},{"id":42050,"equipment_sl_no":"BHSR001","equip_model":"                    ","eq_equip_status":"INST                                    ","account_id":"14282","plant_name":"42547","equipmentid":"42050","starred":""},{"id":42016,"equipment_sl_no":"BH50M-001","equip_model":"BH50M               ","eq_equip_status":"INST                                    ","account_id":"14282","plant_name":"42547","equipmentid":"42016","starred":""},{"id":42011,"equipment_sl_no":"BGL-TEST","equip_model":"                    ","eq_equip_status":"AVLB                                    ","account_id":"14282","plant_name":"42547","equipmentid":"42011","starred":""},{"id":41792,"equipment_sl_no":"000000001000001689","equip_model":"                    ","eq_equip_status":"AVLB                                    ","account_id":"14409","plant_name":"42547","equipmentid":"41792","starred":""},{"id":41997,"equipment_sl_no":"AGGREGATE2","equip_model":"210m                ","eq_equip_status":"AVLB                                    ","account_id":"0","plant_name":"42547","equipmentid":"41997","starred":""},{"id":41996,"equipment_sl_no":"AGGREGATE1","equip_model":"210m                ","eq_equip_status":"AVLB                                    ","account_id":"0","plant_name":"42547","equipmentid":"41996","starred":""},{"id":41179,"equipment_sl_no":"000000001000000988","equip_model":"                    ","eq_equip_status":"INST                                    ","account_id":"14306","plant_name":"42547","equipmentid":"41179","starred":""},{"id":41178,"equipment_sl_no":"000000001000000987","equip_model":"                    ","eq_equip_status":"INST                                    ","account_id":"14282","plant_name":"42547","equipmentid":"41178","starred":""},{"id":41101,"equipment_sl_no":"000000001000000012","equip_model":"                    ","eq_equip_status":"INST                                    ","account_id":"14282","plant_name":"42547","equipmentid":"41101","starred":""},{"id":39893,"equipment_sl_no":"000000000010002094","equip_model":"                    ","eq_equip_status":"AVLB                                    ","account_id":"14282","plant_name":"42547","equipmentid":"39893","starred":""},{"id":39892,"equipment_sl_no":"000000000010002093","equip_model":"                    ","eq_equip_status":"AVLB                                    ","account_id":"14282","plant_name":"42547","equipmentid":"39892","starred":""},{"id":40199,"equipment_sl_no":"000000000010002402","equip_model":"                    ","eq_equip_status":"ASEQ                                    ","account_id":"14422","plant_name":"42547","equipmentid":"40199","starred":""},{"id":38093,"equipment_sl_no":"000000000010000292","equip_model":"                    ","eq_equip_status":"INST                                    ","account_id":"0","plant_name":"42547","equipmentid":"38093","starred":""},{"id":38092,"equipment_sl_no":"000000000010000291","equip_model":"                    ","eq_equip_status":"INST                                    ","account_id":"0","plant_name":"42547","equipmentid":"38092","starred":""},{"id":38091,"equipment_sl_no":"000000000010000290","equip_model":"                    ","eq_equip_status":"INST                                    ","account_id":"0","plant_name":"42547","equipmentid":"38091","starred":""},{"id":38090,"equipment_sl_no":"000000000010000288","equip_model":"                    ","eq_equip_status":"INST                                    ","account_id":"0","plant_name":"42547","equipmentid":"38090","starred":""},{"id":38088,"equipment_sl_no":"000000000010000284","equip_model":"                    ","eq_equip_status":"INST                                    ","account_id":"14282","plant_name":"42547","equipmentid":"38088","starred":""},{"id":37940,"equipment_sl_no":"000000000010000134","equip_model":"                    ","eq_equip_status":"INST                                    ","account_id":"14282","plant_name":"42547","equipmentid":"37940","starred":""},{"id":37938,"equipment_sl_no":"000000000010000132","equip_model":"                    ","eq_equip_status":"INST                                    ","account_id":"14282","plant_name":"42547","equipmentid":"37938","starred":""},{"id":37935,"equipment_sl_no":"000000000010000129","equip_model":"                    ","eq_equip_status":"INST                                    ","account_id":"14282","plant_name":"42547","equipmentid":"37935","starred":""},{"id":37932,"equipment_sl_no":"000000000010000126","equip_model":"                    ","eq_equip_status":"INST                                    ","account_id":"14282","plant_name":"42547","equipmentid":"37932","starred":""},{"id":37927,"equipment_sl_no":"000000000010000121","equip_model":"                    ","eq_equip_status":"INST                                    ","account_id":"14282","plant_name":"42547","equipmentid":"37927","starred":""},{"id":37920,"equipment_sl_no":"000000000010000114","equip_model":"                    ","eq_equip_status":"INST                                    ","account_id":"14282","plant_name":"42547","equipmentid":"37920","starred":""},{"id":37937,"equipment_sl_no":"000000000010000131","equip_model":"                    ","eq_equip_status":"INST                                    ","account_id":"14282","plant_name":"42547","equipmentid":"37937","starred":""},{"id":37894,"equipment_sl_no":"000000000010000084","equip_model":"                    ","eq_equip_status":"ASEQ                                    ","account_id":"14282","plant_name":"42547","equipmentid":"37894","starred":""},{"id":37892,"equipment_sl_no":"000000000010000079","equip_model":"                    ","eq_equip_status":"INST                                    ","account_id":"14282","plant_name":"42547","equipmentid":"37892","starred":""},{"id":37891,"equipment_sl_no":"000000000010000078","equip_model":"                    ","eq_equip_status":"AVLB                                    ","account_id":"0","plant_name":"42547","equipmentid":"37891","starred":""},{"id":37887,"equipment_sl_no":"000000000010000074","equip_model":"                    ","eq_equip_status":"ASEQ                                    ","account_id":"14282","plant_name":"42547","equipmentid":"37887","starred":""},{"id":37886,"equipment_sl_no":"000000000010000073","equip_model":"                    ","eq_equip_status":"ASEQ                                    ","account_id":"14282","plant_name":"42547","equipmentid":"37886","starred":""},{"id":37850,"equipment_sl_no":"000000000010000018","equip_model":"                    ","eq_equip_status":"INST                                    ","account_id":"0","plant_name":"42547","equipmentid":"37850","starred":""},{"id":37844,"equipment_sl_no":"000000000010000012","equip_model":"                    ","eq_equip_status":"INST                                    ","account_id":"0","plant_name":"42547","equipmentid":"37844","starred":""},{"id":37841,"equipment_sl_no":"000000000010000009","equip_model":"                    ","eq_equip_status":"AVLB                                    ","account_id":"0","plant_name":"42547","equipmentid":"37841","starred":""},{"id":37840,"equipment_sl_no":"000000000010000008","equip_model":"                    ","eq_equip_status":"AVLB                                    ","account_id":"0","plant_name":"42547","equipmentid":"37840","starred":""},{"id":37845,"equipment_sl_no":"000000000010000013","equip_model":"                    ","eq_equip_status":"INST                                    ","account_id":"14607","plant_name":"42547","equipmentid":"37845","starred":""},{"id":37836,"equipment_sl_no":"000000000010000004","equip_model":"                    ","eq_equip_status":"AVLB                                    ","account_id":"0","plant_name":"42547","equipmentid":"37836","starred":""},{"id":37835,"equipment_sl_no":"000000000010000003","equip_model":"dd                  ","eq_equip_status":"INST                                    ","account_id":"0","plant_name":"42547","equipmentid":"37835","starred":""},{"id":37832,"equipment_sl_no":"000000000010000000","equip_model":"                    ","eq_equip_status":"INST                                    ","account_id":"14282","plant_name":"42547","equipmentid":"37832","starred":""},{"id":37095,"equipment_sl_no":"000000000000008167","equip_model":"BH85-1              ","eq_equip_status":"INST                                    ","account_id":"14428","plant_name":"42547","equipmentid":"37095","starred":""},{"id":37094,"equipment_sl_no":"000000000000008166","equip_model":"BH85-1              ","eq_equip_status":"INST                                    ","account_id":"14428","plant_name":"42547","equipmentid":"37094","starred":""},{"id":37093,"equipment_sl_no":"000000000000008164","equip_model":"BH85-1              ","eq_equip_status":"INST                                    ","account_id":"14428","plant_name":"42547","equipmentid":"37093","starred":""},{"id":37092,"equipment_sl_no":"000000000000008163","equip_model":"BH85-1              ","eq_equip_status":"INST                                    ","account_id":"14428","plant_name":"42547","equipmentid":"37092","starred":""},{"id":37091,"equipment_sl_no":"000000000000008162","equip_model":"BH85-1              ","eq_equip_status":"INST                                    ","account_id":"14428","plant_name":"42547","equipmentid":"37091","starred":""},{"id":37090,"equipment_sl_no":"000000000000008161","equip_model":"BH85-1              ","eq_equip_status":"INST                                    ","account_id":"14428","plant_name":"42547","equipmentid":"37090","starred":""},{"id":37087,"equipment_sl_no":"000000000000008158","equip_model":"BH85-1              ","eq_equip_status":"INST                                    ","account_id":"14428","plant_name":"42547","equipmentid":"37087","starred":""},{"id":37086,"equipment_sl_no":"000000000000008157","equip_model":"BH85-1              ","eq_equip_status":"ESTO INST                               ","account_id":"0","plant_name":"42547","equipmentid":"37086","starred":""},{"id":37085,"equipment_sl_no":"000000000000008156","equip_model":"BH85-1              ","eq_equip_status":"ESTO INST                               ","account_id":"0","plant_name":"42547","equipmentid":"37085","starred":""},{"id":37084,"equipment_sl_no":"000000000000008155","equip_model":"BH85-1              ","eq_equip_status":"ECUS INST                               ","account_id":"14370","plant_name":"42547","equipmentid":"37084","starred":""},{"id":37082,"equipment_sl_no":"000000000000008123","equip_model":"BH85-1              ","eq_equip_status":"ECUS INST                               ","account_id":"14282","plant_name":"42547","equipmentid":"37082","starred":""},{"id":37081,"equipment_sl_no":"000000000000003576","equip_model":"                    ","eq_equip_status":"INST                                    ","account_id":"14282","plant_name":"42547","equipmentid":"37081","starred":""},{"id":37089,"equipment_sl_no":"000000000000008160","equip_model":"BH85-1              ","eq_equip_status":"INST                                    ","account_id":"14428","plant_name":"42547","equipmentid":"37089","starred":""},{"id":37088,"equipment_sl_no":"000000000000008159","equip_model":"BH85-1              ","eq_equip_status":"INST                                    ","account_id":"14428","plant_name":"42547","equipmentid":"37088","starred":""},{"id":37080,"equipment_sl_no":"000000000000003571","equip_model":"                    ","eq_equip_status":"INST                                    ","account_id":"14282","plant_name":"42547","equipmentid":"37080","starred":""},{"id":37079,"equipment_sl_no":"000000000000003570","equip_model":"                    ","eq_equip_status":"INST                                    ","account_id":"14306","plant_name":"42547","equipmentid":"37079","starred":""},{"id":37064,"equipment_sl_no":"000000000000000005","equip_model":"                    ","eq_equip_status":"INST                                    ","account_id":"14330","plant_name":"42547","equipmentid":"37064","starred":""},{"id":41091,"equipment_sl_no":"000000000010003319","equip_model":"                    ","eq_equip_status":"AVLB                                    ","account_id":"0","plant_name":"42547","equipmentid":"41091","starred":""},{"id":41090,"equipment_sl_no":"000000000010003318","equip_model":"                    ","eq_equip_status":"AVLB                                    ","account_id":"0","plant_name":"42547","equipmentid":"41090","starred":""},{"id":41089,"equipment_sl_no":"000000000010003317","equip_model":"                    ","eq_equip_status":"AVLB                                    ","account_id":"0","plant_name":"42547","equipmentid":"41089","starred":""},{"id":48098,"equipment_sl_no":"000000000010003332","equip_model":"                    ","eq_equip_status":"INST                                    ","account_id":"0","plant_name":"42547","equipmentid":"48098","starred":""},{"id":41086,"equipment_sl_no":"000000000010003314","equip_model":"                    ","eq_equip_status":"AVLB                                    ","account_id":"0","plant_name":"42547","equipmentid":"41086","starred":""},{"id":41084,"equipment_sl_no":"000000000010003312","equip_model":"                    ","eq_equip_status":"AVLB                                    ","account_id":"0","plant_name":"42547","equipmentid":"41084","starred":""},{"id":41065,"equipment_sl_no":"000000000010003292","equip_model":"                    ","eq_equip_status":"AVLB                                    ","account_id":"0","plant_name":"42547","equipmentid":"41065","starred":""},{"id":41066,"equipment_sl_no":"000000000010003293","equip_model":"                    ","eq_equip_status":"AVLB                                    ","account_id":"0","plant_name":"42547","equipmentid":"41066","starred":""},{"id":40334,"equipment_sl_no":"000000000010002545","equip_model":"                    ","eq_equip_status":"AVLB                                    ","account_id":"0","plant_name":"42547","equipmentid":"40334","starred":""},{"id":40331,"equipment_sl_no":"000000000010002542","equip_model":"                    ","eq_equip_status":"AVLB                                    ","account_id":"0","plant_name":"42547","equipmentid":"40331","starred":""},{"id":40330,"equipment_sl_no":"000000000010002541","equip_model":"                    ","eq_equip_status":"AVLB                                    ","account_id":"0","plant_name":"42547","equipmentid":"40330","starred":""},{"id":40329,"equipment_sl_no":"000000000010002540","equip_model":"                    ","eq_equip_status":"AVLB                                    ","account_id":"0","plant_name":"42547","equipmentid":"40329","starred":""},{"id":40328,"equipment_sl_no":"000000000010002539","equip_model":"                    ","eq_equip_status":"AVLB                                    ","account_id":"0","plant_name":"42547","equipmentid":"40328","starred":""},{"id":40327,"equipment_sl_no":"000000000010002538","equip_model":"                    ","eq_equip_status":"AVLB                                    ","account_id":"0","plant_name":"42547","equipmentid":"40327","starred":""},{"id":40326,"equipment_sl_no":"000000000010002537","equip_model":"                    ","eq_equip_status":"AVLB                                    ","account_id":"0","plant_name":"42547","equipmentid":"40326","starred":""},{"id":40325,"equipment_sl_no":"000000000010002536","equip_model":"                    ","eq_equip_status":"AVLB                                    ","account_id":"0","plant_name":"42547","equipmentid":"40325","starred":""},{"id":40324,"equipment_sl_no":"000000000010002535","equip_model":"                    ","eq_equip_status":"AVLB                                    ","account_id":"0","plant_name":"42547","equipmentid":"40324","starred":""},{"id":40322,"equipment_sl_no":"000000000010002533","equip_model":"                    ","eq_equip_status":"AVLB                                    ","account_id":"0","plant_name":"42547","equipmentid":"40322","starred":""},{"id":40321,"equipment_sl_no":"000000000010002532","equip_model":"                    ","eq_equip_status":"AVLB                                    ","account_id":"0","plant_name":"42547","equipmentid":"40321","starred":""},{"id":40320,"equipment_sl_no":"000000000010002531","equip_model":"                    ","eq_equip_status":"AVLB                                    ","account_id":"0","plant_name":"42547","equipmentid":"40320","starred":""},{"id":40319,"equipment_sl_no":"000000000010002530","equip_model":"                    ","eq_equip_status":"AVLB                                    ","account_id":"0","plant_name":"42547","equipmentid":"40319","starred":""},{"id":40323,"equipment_sl_no":"000000000010002534","equip_model":"                    ","eq_equip_status":"AVLB                                    ","account_id":"0","plant_name":"42547","equipmentid":"40323","starred":""},{"id":40318,"equipment_sl_no":"000000000010002529","equip_model":"                    ","eq_equip_status":"AVLB                                    ","account_id":"0","plant_name":"42547","equipmentid":"40318","starred":""},{"id":40317,"equipment_sl_no":"000000000010002528","equip_model":"                    ","eq_equip_status":"AVLB                                    ","account_id":"0","plant_name":"42547","equipmentid":"40317","starred":""},{"id":40316,"equipment_sl_no":"000000000010002527","equip_model":"                    ","eq_equip_status":"AVLB                                    ","account_id":"0","plant_name":"42547","equipmentid":"40316","starred":""},{"id":40265,"equipment_sl_no":"000000000010002476","equip_model":"                    ","eq_equip_status":"AVLB                                    ","account_id":"0","plant_name":"42547","equipmentid":"40265","starred":""},{"id":40259,"equipment_sl_no":"000000000010002470","equip_model":"                    ","eq_equip_status":"AVLB                                    ","account_id":"0","plant_name":"42547","equipmentid":"40259","starred":""},{"id":40257,"equipment_sl_no":"000000000010002468","equip_model":"                    ","eq_equip_status":"AVLB                                    ","account_id":"0","plant_name":"42547","equipmentid":"40257","starred":""},{"id":37596,"equipment_sl_no":"000000000000320004","equip_model":"                    ","eq_equip_status":"ASEQ                                    ","account_id":"0","plant_name":"42547","equipmentid":"37596","starred":""},{"id":37595,"equipment_sl_no":"000000000000320003","equip_model":"                    ","eq_equip_status":"ASEQ                                    ","account_id":"0","plant_name":"42547","equipmentid":"37595","starred":""},{"id":37594,"equipment_sl_no":"000000000000320002","equip_model":"                    ","eq_equip_status":"ASEQ                                    ","account_id":"0","plant_name":"42547","equipmentid":"37594","starred":""},{"id":37593,"equipment_sl_no":"000000000000320001","equip_model":"                    ","eq_equip_status":"AVLB                                    ","account_id":"0","plant_name":"42547","equipmentid":"37593","starred":""},{"id":37591,"equipment_sl_no":"000000000000300147","equip_model":"BH85-1              ","eq_equip_status":"ASEQ                                    ","account_id":"0","plant_name":"42547","equipmentid":"37591","starred":""},{"id":37463,"equipment_sl_no":"000000000000300018","equip_model":"                    ","eq_equip_status":"ASEQ                                    ","account_id":"0","plant_name":"42547","equipmentid":"37463","starred":""},{"id":37462,"equipment_sl_no":"000000000000300017","equip_model":"                    ","eq_equip_status":"ASEQ                                    ","account_id":"0","plant_name":"42547","equipmentid":"37462","starred":""},{"id":42399,"equipment_sl_no":"SUB002","equip_model":"                    ","eq_equip_status":"ASEQ                                    ","account_id":"0","plant_name":"42547","equipmentid":"42399","starred":""},{"id":42398,"equipment_sl_no":"SUB001","equip_model":"                    ","eq_equip_status":"ASEQ                                    ","account_id":"0","plant_name":"42547","equipmentid":"42398","starred":""},{"id":42400,"equipment_sl_no":"SUB003","equip_model":"                    ","eq_equip_status":"ASEQ                                    ","account_id":"0","plant_name":"42547","equipmentid":"42400","starred":""},{"id":42148,"equipment_sl_no":"HP618-L-06-03","equip_model":"                    ","eq_equip_status":"ASEQ                                    ","account_id":"0","plant_name":"42547","equipmentid":"42148","starred":""},{"id":42147,"equipment_sl_no":"HP618-L-06-02","equip_model":"                    ","eq_equip_status":"ASEQ                                    ","account_id":"0","plant_name":"42547","equipmentid":"42147","starred":""}]